-- MySQL dump 10.13  Distrib 8.0.31, for Win64 (x86_64)
--
-- Host: 127.0.0.1    Database: recordapp_db
-- ------------------------------------------------------
-- Server version	8.0.32

/*!40101 SET @OLD_CHARACTER_SET_CLIENT=@@CHARACTER_SET_CLIENT */;
/*!40101 SET @OLD_CHARACTER_SET_RESULTS=@@CHARACTER_SET_RESULTS */;
/*!40101 SET @OLD_COLLATION_CONNECTION=@@COLLATION_CONNECTION */;
/*!50503 SET NAMES utf8 */;
/*!40103 SET @OLD_TIME_ZONE=@@TIME_ZONE */;
/*!40103 SET TIME_ZONE='+00:00' */;
/*!40014 SET @OLD_UNIQUE_CHECKS=@@UNIQUE_CHECKS, UNIQUE_CHECKS=0 */;
/*!40014 SET @OLD_FOREIGN_KEY_CHECKS=@@FOREIGN_KEY_CHECKS, FOREIGN_KEY_CHECKS=0 */;
/*!40101 SET @OLD_SQL_MODE=@@SQL_MODE, SQL_MODE='NO_AUTO_VALUE_ON_ZERO' */;
/*!40111 SET @OLD_SQL_NOTES=@@SQL_NOTES, SQL_NOTES=0 */;

--
-- Table structure for table `employee`
--

DROP TABLE IF EXISTS `employee`;
/*!40101 SET @saved_cs_client     = @@character_set_client */;
/*!50503 SET character_set_client = utf8mb4 */;
CREATE TABLE `employee` (
  `id` int NOT NULL AUTO_INCREMENT,
  `lastname` varchar(45) NOT NULL,
  `firstname` varchar(45) NOT NULL,
  `office_id` int NOT NULL,
  `address` varchar(100) DEFAULT NULL,
  PRIMARY KEY (`id`)
) ENGINE=InnoDB AUTO_INCREMENT=206 DEFAULT CHARSET=utf8mb4 COLLATE=utf8mb4_0900_ai_ci;
/*!40101 SET character_set_client = @saved_cs_client */;

--
-- Dumping data for table `employee`
--

LOCK TABLES `employee` WRITE;
/*!40000 ALTER TABLE `employee` DISABLE KEYS */;
INSERT INTO `employee` VALUES (6,'Stehr','Ayana',46,'87989 Jules Glen\nSouth Kennith, OH 70624-9119'),(7,'Wilkinson','Antwan',100,'462 Lori Ports Suite 523\nReingerland, AL 42174'),(8,'Heathcote','Kaleb',139,'33927 Gusikowski Plains\nSouth Felipemouth, NM 41522'),(9,'Zboncak','Blake',45,'2362 Anabelle Prairie Suite 421\nGoldnerside, GA 63723'),(10,'Jacobson','Alexander',158,'2707 Kirk Expressway Suite 347\nConnshire, ID 54418'),(11,'Nitzsche','Gennaro',23,'66485 Pamela Burg\nVandervortfurt, NM 70102-8164'),(12,'Pfeffer','Walker',18,'683 Murphy Junctions Apt. 053\nWest Lindamouth, VA 91554-7788'),(13,'Abernathy','Bruce',123,'41424 Ratke Groves\nNew Joshuahport, GA 76052-7158'),(14,'Schuppe','Bailee',159,'4370 Fred Parkways Suite 656\nEileenbury, CA 60274'),(15,'Swaniawski','Torrance',16,'23872 Beatty Extension Suite 429\nSouth Marisachester, DC 21311-1830'),(16,'Hayes','Johan',117,'498 McLaughlin Stravenue\nSouth Javonte, DC 36809'),(17,'Moen','Alysha',149,'45768 Okuneva Avenue Suite 057\nBergnaumtown, UT 23419'),(18,'Keeling','Florencio',170,'62377 Melany Expressway\nNew Chelsieborough, TN 60413-5255'),(19,'Hessel','Asia',140,'28527 Jazmyne Camp Suite 563\nLake Joshuahaven, TX 85507'),(20,'Mraz','Cristobal',12,'451 Kelton Ports Suite 889\nDellaside, MN 25009-3694'),(21,'Trantow','Mckenzie',107,'34625 Edison Trafficway Suite 678\nHaileemouth, FL 79240'),(22,'Lesch','Regan',116,'52416 Kianna Branch Apt. 964\nWest Anaport, LA 14339'),(23,'Kub','Daryl',136,'61766 Ferry Valleys Apt. 172\nEast Maximilianfurt, OH 52505-2358'),(24,'Treutel','Matteo',45,'37265 Donnelly Canyon Suite 941\nWest Deon, AK 68057'),(25,'Bahringer','Jada',130,'503 Parisian Loop Apt. 912\nAmaraborough, NC 00186'),(26,'Dickinson','Hattie',65,'40604 Daisha Mountain\nGutkowskishire, WA 01283'),(27,'Steuber','Novella',14,'223 Predovic Court\nGreggside, CO 67957-1291'),(28,'Murphy','Gerald',28,'1288 Florencio Stream Suite 887\nEast Zoilaborough, NY 47596-1290'),(29,'Schoen','Opal',171,'524 Witting Cape\nEast Erlingfort, AL 77902'),(30,'Kreiger','Blanca',72,'9493 Klocko Crossing\nEast Leon, KS 85004-5473'),(31,'Walsh','Arvilla',91,'5855 Gulgowski Camp\nPort Kevonside, RI 81060'),(32,'Dach','Hipolito',142,'93241 Roberts Trafficway Apt. 728\nNew Margarettamouth, MO 49509-3934'),(33,'Smith','Jovanny',22,'85607 Sawayn Ramp Apt. 012\nAbbottfurt, MN 29047'),(34,'Sawayn','Dakota',143,'79078 Dangelo Green\nSouth Roy, TN 81004-9657'),(35,'Prosacco','Silas',72,'716 Emanuel Rapids\nSouth Drew, WI 51242'),(36,'Von','Frida',96,'4549 Jovan Lights Suite 041\nBradlyview, WI 51311'),(37,'Mante','Hayden',175,'4283 Satterfield Port Apt. 387\nEast Keatonbury, OR 72170'),(38,'Legros','Cynthia',53,'9004 Ward Mountains Apt. 442\nNorth Brendaborough, GA 70571'),(39,'Zieme','Helena',56,'679 Beer Square Suite 096\nEast Freemanstad, FL 26905'),(40,'Nader','Michale',127,'534 Emard Street Suite 129\nDibbertland, RI 37574'),(41,'Zemlak','Amari',32,'999 Coralie Divide Suite 174\nPort Garfieldfort, CO 72019-6639'),(42,'Schinner','Koby',121,'35962 Elna Port\nWest Demarcus, CO 01765-9058'),(43,'Nikolaus','Lucile',157,'654 Lubowitz Mills Suite 442\nSouth Lawrencefurt, OH 11006-2087'),(44,'Vandervort','Eldridge',13,'927 Verla Parkways Apt. 245\nWest Rosemarieborough, LA 31486-2488'),(45,'Goyette','Chad',101,'45200 Rylan Spurs Apt. 177\nOlliebury, ND 82806'),(46,'Lesch','Deron',154,'366 Rosenbaum Ranch Apt. 816\nSyblestad, GA 44420-9081'),(47,'Fahey','Kenneth',130,'4820 Flossie Point Apt. 104\nMitchellmouth, LA 45806'),(48,'Stroman','Harmon',155,'4015 Mandy Gateway Suite 916\nPort Billy, AR 81698-9454'),(49,'Boyer','Danial',23,'56642 Watsica Corner\nSouth Haylee, NH 02569'),(50,'Hand','Arnaldo',111,'84503 Enoch Plaza Suite 412\nMosciskihaven, MN 86053'),(51,'Oberbrunner','Kathryn',117,'85866 Lee Views Suite 311\nAnnastad, MS 39955-0056'),(52,'Conn','Charlene',21,'7829 Weissnat Wall Apt. 981\nBergemouth, AL 27237-9909'),(53,'Mosciski','Vern',153,'80939 Joel Avenue Apt. 322\nBertrandstad, SC 50771-2645'),(54,'Robel','Muriel',136,'16831 Maynard Camp Suite 443\nNew Viviane, MO 06637'),(55,'DuBuque','Rudolph',134,'2508 Kautzer Spurs Apt. 384\nNorth Cleveland, MD 91126-9913'),(56,'Toy','Hermina',53,'1370 Baumbach Square Suite 858\nMannchester, UT 65597'),(57,'Bayer','Natalia',90,'42836 Ollie Plains\nRathborough, IL 43463-0535'),(58,'O\'Keefe','Maybelle',178,'811 Treutel Glens Suite 706\nNew Joshuaburgh, CO 22089'),(59,'Emmerich','Christiana',143,'57093 Huels Center\nDaphneychester, OH 70122-1238'),(60,'Becker','Emanuel',109,'501 Nia Expressway\nNorth Shyannchester, IL 71180-2801'),(61,'Larkin','Cleve',78,'378 Leann Rapid Suite 450\nLake Donnell, NH 49147-3639'),(62,'Kessler','Ulices',41,'76664 Eliezer Ramp Suite 204\nLake Tatyanahaven, CO 28413'),(63,'Abshire','Etha',102,'472 Halvorson Locks\nWest Rebekah, CA 41146-0434'),(64,'Hartmann','Vern',27,'826 Hansen Row\nLehnerport, WA 82087'),(65,'Will','Jeanne',47,'31892 Kohler Knoll Apt. 028\nLake Devonteport, KY 98547-7856'),(66,'Steuber','Nash',126,'55989 Ursula Plaza Apt. 188\nWest Yoshikoport, NJ 71146-8655'),(67,'Oberbrunner','Freida',124,'57086 Fritz Run Suite 705\nLake Laurenhaven, AZ 26947'),(68,'Cartwright','Melyssa',56,'82365 Christiansen Park\nPort Eda, NJ 76371-2778'),(69,'Altenwerth','Fritz',156,'26485 Ivah Branch\nWest Robyn, MO 06344'),(70,'Bahringer','Brenda',61,'4240 Clemens Manors Suite 363\nPort Gracie, UT 05696-3648'),(71,'Muller','Otto',20,'3895 Sharon Club Apt. 667\nRusselport, LA 74404'),(72,'Ward','Orlo',78,'8853 Stanton Loaf Apt. 118\nNorth Rebastad, NV 06477'),(73,'Kassulke','Anna',22,'6615 Sipes Loop\nFriesenhaven, DE 38722'),(74,'Fahey','Davon',166,'48649 Kshlerin Gardens\nLake Vicente, KS 37626'),(75,'Harris','Telly',188,'959 Penelope Points Apt. 483\nRohanfurt, AR 80676-4249'),(76,'Paucek','Nedra',91,'49720 Wilhelm Locks\nKesslerstad, CA 93973-1743'),(77,'Brown','Anita',92,'962 Mosciski Stream Apt. 170\nLake Urban, MT 03806'),(78,'Schuppe','Darrel',175,'8631 Alvena Station Suite 591\nLake Delores, OK 68203-3718'),(79,'Kohler','Karley',105,'71393 Lebsack Knolls Suite 962\nBrigitteside, TX 93879-3560'),(80,'Aufderhar','Hazle',41,'86577 Hammes Stream\nGottliebview, NV 76644-1805'),(81,'Erdman','Osborne',115,'132 Jalen Trail\nSouth Vernerton, WY 28126'),(82,'Hilpert','Monty',53,'15736 Emilio Prairie Apt. 871\nMaidaberg, MN 38706'),(83,'Barton','Walker',9,'8810 Adella Roads Suite 198\nFlorencemouth, MD 28698-4176'),(84,'Bashirian','Destinee',14,'20784 Enoch Plains Apt. 145\nHendersonberg, SC 08376-9719'),(85,'Gerlach','Zoie',199,'758 Bernier Mews Suite 908\nEast Katelinport, WA 64047-8508'),(86,'Schuppe','Chet',34,'96595 Dickens Grove Apt. 835\nNorth Alekton, IL 17127-1609'),(87,'Roberts','Brady',70,'831 Russel Spurs\nNorth Mortonfort, IL 03730'),(88,'D\'Amore','Fredy',72,'6566 Rolfson Skyway Suite 199\nSouth Ashlynnfort, AK 83912-9333'),(89,'Kessler','Susan',78,'4119 O\'Kon Meadows\nHuelfurt, FL 63822-8296'),(90,'Cummerata','Krista',182,'57217 Tyrel Estates Suite 378\nColeborough, RI 70032-2766'),(91,'Howell','Neha',63,'836 Maximo Ford Suite 815\nEast Aliyah, IN 86529'),(92,'Hessel','Isobel',49,'602 Dicki Lodge Suite 088\nLake Altashire, WI 43395'),(93,'Mante','Willy',66,'3647 Adriel Creek\nLake Natalie, VA 26595-4153'),(94,'Raynor','Katrine',192,'259 Anais Light\nWest Destiniview, HI 58102'),(95,'Altenwerth','Tatum',4,'41272 Emmanuelle Ville\nNew Hildegardfort, SD 07549'),(96,'Keeling','Lawrence',30,'159 Gennaro Lock\nLempistad, GA 06999'),(97,'Abernathy','Declan',198,'899 Torphy Pines Suite 250\nJenkinsshire, IL 86845-5552'),(98,'Armstrong','Percival',116,'741 Westley Center\nWest Bart, WY 85689-2341'),(99,'Haley','Wayne',39,'7632 Kunde Land Apt. 906\nSouth Dameon, AR 91130'),(100,'Satterfield','Natalia',30,'1732 Madisen Dale Apt. 332\nMoseside, CO 06182-2439'),(101,'Bahringer','Taurean',115,'916 Lucy Garden\nSchambergerchester, NV 87610-2363'),(102,'Hammes','Jakob',87,'3120 Koss Trace Suite 239\nBoehmfort, DC 67313-0192'),(103,'Lang','Maud',166,'31785 Dawson Path\nNew Filomenafort, MI 53330'),(104,'Stamm','Merritt',37,'358 McGlynn Pine\nNorth Rhea, KY 85596'),(105,'Fahey','Florine',91,'723 Waelchi Throughway\nVancetown, NM 09714'),(106,'Hessel','Jedidiah',22,'322 Jaiden Way\nWelchton, NC 30691'),(107,'Casper','Noelia',91,'4872 Bauch Well\nMarychester, RI 41223-7521'),(108,'Armstrong','Liliana',104,'4525 Meghan Mews\nWest Carolyneburgh, TX 92354-9772'),(109,'West','Mittie',96,'53660 Wyman Rapid Suite 594\nMullershire, CA 28526'),(110,'Feil','Brett',87,'76813 Tyler Courts\nKerlukebury, NY 11076-0675'),(111,'Schmidt','Retha',21,'8645 America Inlet\nSouth Vanessaborough, IL 83276-3201'),(112,'Reynolds','Avis',35,'102 Sid Isle\nDeloresville, OR 89167'),(113,'Krajcik','Clinton',78,'190 Bahringer Circles\nSouth Barrett, DE 16929'),(114,'Hill','Joey',163,'89533 Dare Mount\nNew Eugenia, MD 78767-5901'),(115,'Wuckert','Gerry',13,'87649 Axel Mount Apt. 819\nFloydmouth, MA 87167'),(116,'Carter','Irma',109,'2862 Reginald Ridges\nNorth Shyannemouth, VA 20894-3001'),(117,'Rohan','Malika',33,'509 Waelchi Mill Suite 789\nLake Monte, MD 91329-3524'),(118,'Deckow','Jamison',150,'63435 Joany Groves Apt. 955\nLake Nicholas, LA 50089-1615'),(119,'Sporer','Mckenzie',181,'80578 Beulah Forge Apt. 851\nEast Lynn, IN 28401'),(120,'Haag','Lizzie',158,'2235 Heller Mission Apt. 353\nAustynborough, NE 83476-9256'),(121,'Kerluke','Fidel',84,'154 McLaughlin Avenue Suite 881\nO\'Reillyland, NH 92042'),(122,'Conn','Angie',54,'502 Stacy Islands Apt. 445\nJohnsonbury, AL 03245'),(123,'Kub','Chet',197,'26005 Quigley Spur Apt. 353\nNorth Mercedesshire, GA 67730-5974'),(124,'Little','Larissa',47,'9951 Schmidt Neck Suite 601\nTurnerhaven, MI 83676'),(125,'Beer','Amani',17,'409 Streich Extensions\nNorth Lazarohaven, MS 59736-1834'),(126,'Stamm','Davon',163,'481 Jenkins Circles\nPort Salvatore, TN 01124'),(127,'Lakin','Cleo',180,'837 Fisher Ridges Suite 093\nLake Harvey, WV 12314'),(128,'Haag','Declan',147,'17973 Toney Centers Apt. 152\nPort Retha, VT 03606-5205'),(129,'Russel','Audrey',81,'5276 Breitenberg Burgs Suite 877\nMyronstad, OH 54721-3604'),(130,'Pagac','D\'angelo',103,'801 Anabelle Throughway\nMayeburgh, MO 58169'),(131,'Grant','Reymundo',118,'13207 Ellen Roads\nWeissnatstad, UT 45712-4995'),(132,'Marks','Hector',182,'41852 Dooley Track Suite 822\nNorth Harmon, ID 63282-4952'),(133,'Mills','Taya',52,'4879 Laverna Island\nBaronmouth, IN 05522-0924'),(134,'Auer','Rose',167,'2269 Hamill Stravenue Suite 790\nJustinemouth, MT 24907'),(135,'Hintz','Casey',10,'9518 Wolf Bypass Suite 286\nAlethamouth, GA 03941'),(136,'Hettinger','Dagmar',109,'903 Kaelyn Glen Suite 315\nNorth Gwenstad, NJ 35685-6920'),(137,'Hettinger','Leonard',44,'636 Dickinson Vista\nReannaview, CO 38154-5622'),(138,'Erdman','Eleonore',65,'8914 Kayli Union Suite 970\nNew Dwightberg, HI 74689-0020'),(139,'Huel','Carole',136,'86200 Chase Plaza\nMabelleport, AK 19872-4712'),(140,'Powlowski','Fatima',16,'2979 Cade Shoal Apt. 283\nSchoentown, CA 69045'),(141,'Kuphal','Tiara',7,'7976 Huels Forge Suite 513\nLindgrenhaven, AZ 14738-1969'),(142,'Sauer','Ferne',70,'542 Gabriella Fort\nKorbinland, OR 62125'),(143,'Bartoletti','Lisette',91,'70203 Francesca Course\nWest Marilyneshire, AR 46139'),(144,'Nikolaus','Crystal',114,'7695 Richard Spur\nPort Kobebury, CO 37297-9827'),(145,'Rippin','Zander',85,'99677 Florine Islands\nPort Deeburgh, SC 24502'),(146,'Blick','Polly',104,'2896 Simonis Village\nDareview, GA 86401-6520'),(147,'Morar','Shyann',145,'479 Litzy Island Suite 222\nRutherfordchester, OK 42916-5507'),(148,'Labadie','Jody',86,'7948 Hahn Forest Apt. 088\nSouth David, NE 97171'),(149,'Reichel','Moshe',161,'757 Hayes Wells\nEast Carole, IN 35741'),(150,'Douglas','Willow',63,'86014 Johns Plaza\nPort Siennahaven, KS 15435'),(151,'Stroman','Clinton',81,'581 Jenkins Stravenue Suite 603\nSouth Brandyn, RI 52285'),(152,'Hickle','Camilla',90,'28893 Alexie Station Suite 028\nPaigeville, DE 17776'),(153,'Lueilwitz','Torrance',165,'9045 Wiegand Forge\nLake Marian, RI 99610-7578'),(154,'Gaylord','Garnet',191,'7519 Grimes Field\nPort Lavern, KY 69024'),(155,'Hoppe','Luigi',144,'6111 Zachary Station Suite 015\nSouth Valentinamouth, LA 62912'),(156,'Crona','Reyna',141,'923 VonRueden Knolls\nSouth Karinastad, CT 57037-3960'),(157,'DuBuque','Lola',196,'1563 Elza Way Suite 926\nBraunchester, LA 76906'),(158,'Kohler','Shanie',141,'669 Zetta Viaduct\nWest Osvaldoborough, WV 38132-4168'),(159,'O\'Hara','Owen',191,'16288 Catalina Pike Suite 978\nAldatown, MS 32266'),(160,'O\'Hara','Heloise',41,'53452 Theron Valley\nNew Greta, NJ 77721-8876'),(161,'Willms','Verona',31,'382 Russel Plains Apt. 409\nPort Christchester, TX 28642'),(162,'Morar','Tony',73,'4600 Bell Fall\nJarrettfort, IA 35618-3106'),(163,'Buckridge','Izaiah',84,'7972 Augusta Hollow\nFreidaberg, OH 12769-6845'),(164,'Monahan','Luigi',150,'27063 Watsica Drive\nSouth Carole, KY 99006-5374'),(165,'Zemlak','Fabian',24,'857 Eileen Lights Suite 798\nNew Laura, NC 34244'),(166,'Connelly','Shannon',99,'57185 Delbert Junctions Suite 660\nSouth Bailee, MA 13810'),(167,'Champlin','Jensen',88,'11713 Darian Inlet Apt. 025\nNew Lonnytown, NY 49345'),(168,'Douglas','Kathleen',153,'200 Lucius Villages Suite 364\nPort Dannyland, ND 56340-6334'),(169,'Kovacek','Iliana',11,'6602 Bernier Glens Apt. 565\nSchneidershire, VA 46061'),(170,'Waelchi','Tessie',46,'419 Karianne Field Apt. 927\nLyricton, MS 42266'),(171,'Davis','Abigale',156,'6402 Huel Ville Apt. 877\nWest Misty, CA 19251-2431'),(172,'Champlin','Myrtie',81,'31085 Schultz Plain Apt. 654\nSouth Amparo, TN 30780-0725'),(173,'Mann','Elroy',45,'3936 Osinski Trail\nBauchburgh, WV 07274-2875'),(174,'Kessler','Emma',4,'1059 Jasper Harbor\nEast Destin, MT 36050-3457'),(175,'Bayer','Skyla',90,'1276 Marks Shore Apt. 223\nEast Lukasmouth, ID 10074'),(176,'Goyette','Keely',83,'124 Edgardo Springs\nHaileeton, CO 24090-6145'),(177,'Dibbert','Ena',153,'9024 Elwyn Route Suite 527\nSouth Christ, SC 06380-8935'),(178,'Schumm','Darion',151,'713 Elza Shore\nKuvalismouth, AZ 18198-2312'),(179,'Douglas','Ashleigh',83,'679 Brown Wall Suite 352\nWest Modesta, HI 00752-6817'),(180,'Robel','Aniyah',190,'906 Kiera Viaduct Suite 643\nEast Derrick, TX 95265'),(181,'Murphy','Wilhelm',60,'28647 London Pines Suite 850\nPort Zelma, VT 47961'),(182,'Sauer','Loma',145,'40436 Spencer Causeway Apt. 656\nPort Ahmedberg, IL 62618-8120'),(183,'Kilback','Chasity',65,'3371 Dach Streets\nNorth Katelynn, WI 72953'),(184,'Dibbert','Kaya',125,'11411 Heath Points Apt. 059\nJoyshire, WY 01286-3772'),(185,'Powlowski','Everette',98,'7085 Rau Expressway\nNew Ramona, HI 69833'),(186,'Green','Brain',163,'71613 Lea Port Apt. 666\nSouth Prudence, SD 20142-2716'),(187,'Zboncak','Sylvan',146,'3107 Hill Isle Suite 419\nNew Dedric, MO 52843-9984'),(188,'Schaefer','Cheyanne',82,'945 Feeney Spurs Suite 886\nCruickshankshire, NV 46903'),(189,'O\'Conner','Cyril',52,'521 Claire Isle Apt. 202\nNorth Lois, NE 72770-7088'),(190,'Schinner','Ena',22,'115 Sabryna Lodge\nStarkfurt, KS 25761-0632'),(191,'Willms','Lou',189,'29694 Heller River\nBertashire, AR 10831-7428'),(192,'Grady','Brady',67,'2937 Vivianne Ford Apt. 390\nKaylieberg, UT 36718-1240'),(193,'Parker','Murray',158,'30802 White Ports Apt. 463\nEldoraborough, AR 16847-6063'),(194,'Corkery','Jazmin',71,'4889 Beahan Springs\nPort Magali, OK 49994'),(195,'Schultz','Tony',190,'2894 Wolf Lights Apt. 772\nLeannonhaven, MS 42977-3390'),(196,'Macejkovic','Larue',122,'7945 Ankunding Trail Apt. 869\nNew Paolo, ME 13985-6758'),(197,'Smitham','Nikko',123,'651 Hettinger Turnpike Suite 959\nElbertton, VA 63232-0036'),(198,'Gaylord','Leonora',174,'4952 Blake Neck Apt. 758\nPort Hilbertview, IA 82112'),(199,'Heidenreich','Lavinia',99,'30861 Kassulke Burg\nSydneeland, FL 11299-8951'),(200,'McCullough','Edwardo',179,'494 Derrick Radial\nLindbury, PA 30914'),(201,'Moore','Kaleigh',118,'1944 Oda Points Suite 229\nLake Delores, IL 01293'),(202,'Conroy','Maximillia',28,'304 Theodora Forge Suite 680\nKeelystad, AZ 49424'),(203,'Conroy','Nadia',73,'5622 Heathcote Cliffs Apt. 444\nPort Felix, AZ 32703'),(204,'Rau','Gerhard',119,'916 Davis Trafficway Apt. 337\nEthanville, VT 59693'),(205,'Orn','Finn',58,'19102 Jones Way\nMayertstad, WY 68020');
/*!40000 ALTER TABLE `employee` ENABLE KEYS */;
UNLOCK TABLES;

--
-- Table structure for table `office`
--

DROP TABLE IF EXISTS `office`;
/*!40101 SET @saved_cs_client     = @@character_set_client */;
/*!50503 SET character_set_client = utf8mb4 */;
CREATE TABLE `office` (
  `id` int NOT NULL AUTO_INCREMENT,
  `name` varchar(45) NOT NULL,
  `contactnum` varchar(45) DEFAULT NULL,
  `email` varchar(45) DEFAULT NULL,
  `address` varchar(45) DEFAULT NULL,
  `city` varchar(45) DEFAULT NULL,
  `country` varchar(45) DEFAULT NULL,
  `postal` int DEFAULT NULL,
  PRIMARY KEY (`id`)
) ENGINE=InnoDB AUTO_INCREMENT=205 DEFAULT CHARSET=utf8mb4 COLLATE=utf8mb4_0900_ai_ci;
/*!40101 SET character_set_client = @saved_cs_client */;

--
-- Dumping data for table `office`
--

LOCK TABLES `office` WRITE;
/*!40000 ALTER TABLE `office` DISABLE KEYS */;
INSERT INTO `office` VALUES (6,'Cummings, Lueilwitz and Oberbrunner','952-499-075','feichmann@hettinger.com','07A/10 Rodriguez Roads Suite 188','Toledo','Qatar',9450),(7,'Stokes, Stark and Turner','964-068-029','aglae47@hotmail.com','13/35 Gibson Fort','Dagupan','Jordan',747),(8,'Jast-Wolf','286-790-565','mcdermott.felton@buckridge.biz','00A Kassulke Greens Suite 719','Naga','Burkina Faso',3465),(9,'Shields, Lindgren and Murphy','620-327-239','carroll.bettie@mayer.com','49 Langworth Ferry Suite 620','Cabuyao','Svalbard & Jan Mayen Islands',6939),(10,'Deckow Inc','623-301-789','yparker@gmail.com','35A/14 Ebert Harbor','Bayugan','Montserrat',1934),(11,'Mosciski, Schaefer and Bogisich','270-785-598','sjerde@gmail.com','30 Morar Stravenue Apt. 415','Ormoc','Azerbaijan',2024),(12,'Bosco-Pfannerstill','021-656-682','mercedes.runte@hotmail.com','58 Bartell Roads Suite 487','Surigao City','Haiti',8452),(13,'Hettinger and Sons','025-059-137','wjohnston@gmail.com','31A/15 Krajcik Gardens Apt. 730','Tarlac City','Guatemala',9343),(14,'Emard-Windler','994-724-737','nicola.collier@gmail.com','41 Ortiz Underpass Suite 580','Alaminos','American Samoa',8517),(15,'Parker-Runolfsdottir','477-012-085','ezequiel32@thompson.net','55 Ledner Roads Apt. 787','Danao','Botswana',5486),(16,'Jacobi-Konopelski','116-645-226','irving.walker@schmeler.com','49A/07 Bergstrom Throughway','Bogo','Sweden',6785),(17,'Ortiz Group','396-204-796','cbartoletti@gmail.com','09/17 Schinner Street','Tagaytay','Lebanon',5888),(18,'Collier-Cormier','486-077-584','emilie.prohaska@bogan.com','27A Mertz Mountains Suite 729','Kabankalan','Rwanda',9949),(19,'Harber PLC','872-709-437','taylor.kreiger@yahoo.com','50A Zemlak Mall Suite 950','Santiago','Comoros',3095),(20,'Pfannerstill Inc','589-999-145','unique.swift@brekke.com','17A Batz Prairie','Kabankalan','Monaco',2276),(21,'Corwin-McGlynn','765-913-392','bruen.jessyca@hotmail.com','48/21 Kling Port','Bayawan','Nepal',3524),(22,'Abernathy LLC','925-344-062','hhowe@yahoo.com','18/94 King Locks','Ozamiz','Estonia',4063),(23,'Johnston-Jacobson','807-061-807','howe.brendon@gmail.com','06A Mayer Villages Suite 963','Samal','Suriname',8777),(24,'Cruickshank-Johns','162-470-915','odenesik@hotmail.com','72/84 Pfannerstill Turnpike Suite 896','Navotas','Faroe Islands',4730),(25,'Schuppe, Bailey and Swaniawski','950-352-899','johathan.rolfson@mayert.org','45/22 Zulauf Pine','Bayugan','Samoa',9312),(26,'Weissnat LLC','381-602-011','tkutch@gmail.com','07 Langworth Glen','Ozamiz','India',4514),(27,'Cummerata, Muller and Wolf','876-502-426','daniel.rachel@bergstrom.com','41A/81 Howell Passage','Surigao City','Angola',1716),(28,'Heller, Little and Kiehn','744-545-570','soledad29@yahoo.com','61 Kiehn Field','Imus','New Zealand',6396),(29,'Kertzmann-Pollich','077-608-793','hbuckridge@yahoo.com','24A/63 Kub Canyon Apt. 474','Valencia','Saint Barthelemy',4125),(30,'O\'Kon-Quigley','705-456-816','ojohnston@gmail.com','06A Crona Vista Suite 017','Marawi','Switzerland',3636),(31,'Ziemann, Ebert and Howe','170-680-408','jarrett47@yahoo.com','89/55 Hodkiewicz Plaza Suite 986','Sipalay','Poland',4228),(32,'Green LLC','673-842-849','yfeil@hotmail.com','73A Funk Center','Talisay','Bahamas',3941),(33,'Gusikowski, Howell and Schulist','266-598-612','abshire.javonte@gmail.com','79 Heller Parkways','Batac','Kuwait',8666),(34,'Collins-Jacobson','790-359-563','rolfson.isabel@yahoo.com','43/62 Brown Islands','Puerto Princesa','Brunei Darussalam',1271),(35,'Huel, O\'Connell and Hills','156-455-612','carson.leffler@schumm.com','02/65 Schroeder Crossing Apt. 425','Puerto Princesa','Niue',4096),(36,'Roob, Lindgren and Leannon','179-175-077','dayana.pouros@wolff.net','28/69 Lakin Point','Lamitan','Bolivia',7343),(37,'Mayer, Barrows and Streich','269-360-826','mitchel.strosin@hotmail.com','07A/39 Bahringer Crossing Suite 243','Talisay','United States of America',8277),(38,'Emmerich Group','331-846-371','astrid70@gmail.com','02A/18 Schneider Course Apt. 003','Sipalay','Grenada',5311),(39,'Schuster Ltd','409-648-891','uziemann@berge.com','54A/35 Effertz Trail','Victorias','Kiribati',5706),(40,'Graham, Mayer and Gerhold','145-072-195','sven52@gmail.com','12/05 O\'Conner Hill Apt. 886','Bacoor','Sao Tome and Principe',7937),(41,'Langworth-Schulist','843-348-412','toy.jakayla@metz.com','80A Kutch Centers Suite 360','Himamaylan','Andorra',6230),(42,'Powlowski Group','806-940-441','bharvey@hotmail.com','06A Wolf Shore','Bacoor','Pakistan',7483),(43,'Nienow, Graham and Hegmann','250-504-765','emilio85@yahoo.com','46 Schimmel Village Apt. 769','Tandag','United States Virgin Islands',3963),(44,'Turcotte, Predovic and Auer','251-493-328','wroob@yahoo.com','34A Bruen Island','Muntinlupa','Lebanon',3993),(45,'Bogan-Dicki','875-488-292','josianne78@schiller.info','13A/92 Leffler Valleys Suite 288','Kabankalan','Costa Rica',882),(46,'Auer, Bogisich and Schneider','190-013-213','xgraham@adams.info','98 Kulas Plain Apt. 129','Maasin','Iceland',1430),(47,'Shanahan, Kautzer and Ritchie','590-186-677','jerrod07@kling.net','47 Kling Crescent Suite 676','Baguio','French Polynesia',5905),(48,'Nicolas-Kunze','448-685-848','cruz22@wyman.com','86/67 Feeney Lock Suite 810','Ilagan','Egypt',9268),(49,'Klein, Rodriguez and Lindgren','188-062-518','antoinette28@torp.biz','92 Donnelly Road Apt. 600','Calapan','Central African Republic',7474),(50,'Hammes-Lakin','625-277-341','ewald.koch@frami.com','63 Denesik Glen Suite 613','Tagbilaran','Estonia',8688),(51,'Macejkovic, Kovacek and Predovic','280-269-792','fwisozk@gmail.com','92 Labadie Walks','Mabalacat','Mali',6473),(52,'Nienow LLC','069-348-905','ecartwright@cruickshank.com','86A/49 Hermann Locks Apt. 314','Borongan','Korea',2012),(53,'Hand, Murazik and Ankunding','147-309-793','skiles.monroe@gmail.com','27 Dickens Green Suite 643','San Fernando','Cyprus',5428),(54,'Schinner Ltd','972-048-454','kenny.koss@lindgren.biz','74A Johnson Fall Apt. 494','Borongan','Sierra Leone',7449),(55,'Nitzsche-Konopelski','624-394-794','skautzer@hammes.com','16/05 DuBuque Hills Suite 981','Cauayan','Tajikistan',5928),(56,'Thiel and Sons','245-912-765','jewell.rath@okon.org','77 Bailey Land Suite 645','Pasay','Syrian Arab Republic',8670),(57,'Goldner PLC','259-618-030','catalina.purdy@williamson.com','86 Tremblay Road Suite 575','Tarlac City','Christmas Island',4678),(58,'Funk-Crooks','727-160-925','stefanie.anderson@yahoo.com','06A/43 Simonis Vista','La Carlota','Christmas Island',2599),(59,'Reynolds-Bergnaum','128-767-952','janessa.koch@gleichner.com','66A Maggio Motorway','Tandag','Turkmenistan',9385),(60,'Becker-Schamberger','211-295-530','dave09@gmail.com','38/25 Dicki Forge','Malaybalay','Tanzania',5144),(61,'Runte and Sons','840-926-665','bauch.grace@gmail.com','53 Rogahn Well','Muñoz','Saint Helena',8662),(62,'Kautzer Group','660-844-308','cary.willms@schaden.com','84A/81 Kutch Mills Suite 609','Digos','Eritrea',3691),(63,'Fisher, Casper and Cassin','469-259-783','schaden.fidel@gmail.com','62 Tillman Underpass','Tandag','Sudan',426),(64,'Stroman and Sons','337-902-746','rosalia82@yahoo.com','02A/52 Eichmann Villages Apt. 977','Laoag','Kenya',6704),(65,'Cole-Hamill','088-892-331','gunner57@schowalter.com','05A Leannon Camp','Tangub','Saint Helena',9137),(66,'Corkery-Smith','148-767-100','dorothea.quitzon@yahoo.com','65 D\'Amore Terrace','Tagbilaran','Costa Rica',1968),(67,'Kerluke Group','645-565-501','smith.ward@yahoo.com','82A/56 Sawayn Mission Apt. 358','San Jose del Monte','Montenegro',7807),(68,'Prohaska, Moen and Reynolds','595-568-744','veda73@hahn.info','22/43 McLaughlin Manor','Meycauayan','Czech Republic',5397),(69,'Dach, Considine and Mosciski','570-911-194','spinka.misael@berge.com','78 Feeney Port Apt. 755','Roxas','Austria',9307),(70,'Kohler, Wuckert and Leuschke','243-142-457','price.cassidy@hotmail.com','33 Casper Pines Suite 962','Muñoz','Uruguay',3705),(71,'VonRueden Inc','006-648-674','lon.gerlach@halvorson.com','10A/14 Hahn Estates','Cabuyao','Malta',6427),(72,'Boyle, Heathcote and Zemlak','641-601-394','grunolfsson@hotmail.com','87A Bode Drives Suite 869','Mandaue','Dominica',9652),(73,'Walker-McGlynn','504-286-712','hailee.miller@okon.com','42 Hoeger Freeway Apt. 119','San Juan','Norway',7648),(74,'Gaylord, Johnston and Bednar','522-988-581','estel85@baumbach.com','27/74 Klein Knoll Apt. 129','Valencia','Gabon',1989),(75,'Bradtke, Bechtelar and Pfeffer','392-018-271','jenifer.luettgen@gerhold.org','18A Lind Lodge','Iriga','Vanuatu',526),(76,'Flatley, Gislason and Moen','593-336-606','armando.ortiz@walsh.com','99/19 Wilderman View Apt. 413','Malaybalay','Portugal',3039),(77,'Ward, Hartmann and Jenkins','081-916-484','squigley@schroeder.biz','72 Torp Plain Apt. 988','Calbayog','Finland',1063),(78,'Herman Inc','127-339-933','laurine39@herzog.com','45A/25 Kihn Knoll Apt. 514','Santiago','Lesotho',7748),(79,'Lehner-Funk','716-818-736','jazmyn36@hotmail.com','70A Wolf Views Apt. 994','Koronadal','Mali',7552),(80,'West PLC','414-608-905','von.willow@yahoo.com','59A/47 Witting Shoals','Caloocan','Libyan Arab Jamahiriya',9259),(81,'Pagac, Pagac and Lehner','777-184-033','roxane00@hotmail.com','53A/22 Hahn Motorway Apt. 351','Mandaluyong','Eritrea',4723),(82,'Wyman-Dooley','943-061-581','blair.dibbert@simonis.com','87 Corwin Divide','Iligan','Brunei Darussalam',673),(83,'Langosh and Sons','900-972-882','ecremin@graham.com','30A/33 Prohaska Summit','Cabanatuan','Germany',2204),(84,'Robel, Tromp and Dare','525-281-634','lloyd.nienow@hill.com','03/15 Stanton Mountains','Surigao City','Czech Republic',4904),(85,'Lockman-Kilback','248-511-112','clara08@yahoo.com','70A/08 Breitenberg Ramp','Zamboanga City','Montserrat',2677),(86,'Rippin-Hahn','501-670-952','brianne29@hotmail.com','76A Jerde Inlet','San Jose del Monte','Bangladesh',311),(87,'Strosin, Rau and Upton','816-946-443','idickinson@swaniawski.com','46A Williamson Shoals Suite 699','San Carlos','Venezuela',5560),(88,'Douglas, Goldner and Reichert','227-005-109','randall.runte@yahoo.com','21 Heaney Groves','Bayawan','Switzerland',5468),(89,'Dare Inc','674-338-412','daphnee37@brakus.net','69 Flatley Courts Suite 145','Isabela','Guinea',7819),(90,'Larkin Group','437-929-944','adrain.deckow@yahoo.com','53 Watsica Lock Suite 740','Lapu-Lapu','Mongolia',925),(91,'Fisher-Runolfsson','200-747-725','julie.dicki@yahoo.com','70/60 Hodkiewicz Locks Apt. 426','Panabo','Sao Tome and Principe',7170),(92,'Altenwerth, Christiansen and Treutel','383-652-360','dicki.asha@gmail.com','86 Zulauf Drive Apt. 480','Alaminos','Nigeria',7225),(93,'Funk-Aufderhar','759-173-599','leuschke.bryana@wintheiser.biz','52A Rau Stravenue Suite 087','Carcar','Malta',5520),(94,'Block-Ruecker','553-076-752','schowalter.leilani@gmail.com','02A/04 Fahey Creek Apt. 197','Silay','Algeria',7272),(95,'Altenwerth-Reichert','863-570-730','schultz.zoey@hotmail.com','34/83 Wolf Expressway','Valenzuela','Grenada',7141),(96,'Harber Inc','910-933-191','dustin.morar@schneider.org','94A Koepp Port','Ozamiz','Brazil',824),(97,'Rutherford-Halvorson','478-961-848','pblanda@gmail.com','19A/38 Jacobs Locks Suite 507','Malaybalay','Anguilla',8714),(98,'Fahey Group','733-934-835','stiedemann.keagan@ryan.com','63/25 Kohler Orchard Suite 029','Taguig','Pakistan',9217),(99,'Haley, Dietrich and Frami','110-381-666','etrantow@hotmail.com','77/75 Franecki Plains','Imus','Gibraltar',3583),(100,'Steuber, Schmidt and Larkin','719-084-532','king.florine@hotmail.com','10/94 Conn Loop Apt. 903','Las Piñas','Martinique',3478),(101,'Pagac-Kozey','027-667-244','cooper91@yahoo.com','21/74 Harris Knolls Suite 653','Tanauan','Hong Kong',8200),(102,'Will-Robel','737-457-414','aurelie.runolfsson@yahoo.com','03A Cummings Expressway Suite 583','Alaminos','Algeria',9111),(103,'Rosenbaum-Wiza','557-697-638','leffler.kolby@yahoo.com','99A/39 Wolf Divide Apt. 119','Tabuk','Seychelles',3868),(104,'Reichel Group','579-903-909','cooper32@wilkinson.com','89A Collier Course','Alaminos','Lao People\'s Democratic Republic',1404),(105,'Smith-Connelly','678-496-005','jazmyn.thiel@hermann.org','86A/67 Mann Keys Suite 096','Lapu-Lapu','Niue',4680),(106,'Schumm-Hagenes','274-996-571','ebony.okeefe@gmail.com','67A Zulauf Drives Suite 940','Pagadian','Malaysia',6187),(107,'O\'Hara, Dickinson and Labadie','767-711-857','wilderman.elda@hotmail.com','40A Schoen Place Apt. 936','Tangub','Monaco',4207),(108,'Schmeler-Bahringer','256-569-718','cassidy.simonis@yahoo.com','71 Block Shoal Suite 367','Panabo','Solomon Islands',1509),(109,'Schmeler, Mills and Turcotte','816-798-557','lkonopelski@kirlin.org','62 Littel Corner Apt. 726','Kabankalan','Isle of Man',7820),(110,'Beatty PLC','002-790-906','abigale00@aufderhar.com','55/63 Hills Avenue Apt. 818','Baguio','Liechtenstein',3310),(111,'Graham and Sons','273-986-603','gutmann.jo@yahoo.com','11/94 Waelchi Way','Legazpi','Congo',3350),(112,'McClure-Skiles','432-216-693','heathcote.jonas@hotmail.com','15A/45 Nitzsche Route Suite 162','Dumaguete','Malawi',5472),(113,'Schinner LLC','287-255-993','river25@yahoo.com','30 Halvorson Road','Cotabato City','Comoros',3275),(114,'Quigley-Orn','365-908-436','joshua56@hotmail.com','86A Lynch Oval','Cauayan','Bermuda',1314),(115,'Graham Inc','740-743-196','ywilderman@gmail.com','45A Wyman Station Apt. 278','Caloocan','Kuwait',3781),(116,'Funk-Larson','934-032-964','miller32@oconner.com','50A Jakubowski Port Apt. 829','Roxas','Sudan',775),(117,'Schmidt Ltd','575-716-718','mante.bo@yahoo.com','34A/80 Hagenes Isle','Davao City','Micronesia',5860),(118,'Botsford and Sons','333-815-580','prince40@yahoo.com','37/83 Streich Village','Catbalogan','France',6407),(119,'Gottlieb Group','243-090-727','jaeden.abbott@gmail.com','75A/78 Jenkins Corner','Tagaytay','Rwanda',7991),(120,'Little LLC','918-189-861','qbashirian@yahoo.com','48A Howe Locks Suite 973','Dumaguete','Bahrain',8692),(121,'D\'Amore, Torphy and Mitchell','663-238-128','wehner.shanna@mcglynn.com','96/41 Gutmann Gateway','Cauayan','Latvia',4092),(122,'Bartoletti, McClure and Hermann','710-313-172','crystal29@hoeger.com','27/30 Towne Square','Tandag','Central African Republic',7759),(123,'Kling, Koss and Bogan','264-177-518','kbernier@zulauf.com','73 Stroman Brooks','Pasig','Pitcairn Islands',7255),(124,'Zieme-Orn','623-663-280','simonis.eldon@berge.com','30A/59 Lowe Street Suite 445','Valenzuela','Mongolia',9978),(125,'Feest, Bernier and Labadie','581-695-256','janelle.bogisich@wyman.com','58A Koch Cliff Suite 681','Iligan','Russian Federation',1500),(126,'Bayer, Wolf and Koelpin','918-164-495','bert.gleichner@gmail.com','80 Cartwright Brook Apt. 262','Escalante','Canada',6114),(127,'Veum, Pfeffer and Wintheiser','308-800-005','fschultz@yahoo.com','26A/68 Hamill Mountain','Bayawan','Botswana',8227),(128,'Wisozk, Gleichner and Ondricka','486-798-984','lmoore@yahoo.com','16A Kling Village Suite 404','Bayugan','Dominican Republic',2935),(129,'Dickens-McDermott','613-454-983','nichole41@hotmail.com','89A/11 Reilly Path','San Carlos','Tunisia',3892),(130,'Simonis LLC','985-394-449','cullen.cartwright@rice.com','08A/39 Batz Center','Baguio','Australia',9307),(131,'Tremblay-Christiansen','069-590-227','elwin91@yahoo.com','83 Hammes Valley','Isabela','Taiwan',5806),(132,'Paucek, Hudson and Bernier','008-177-473','dayna06@hotmail.com','54A/92 Buckridge Burg Suite 603','Antipolo','Oman',6846),(133,'Lesch, Olson and Medhurst','206-838-690','vdubuque@mohr.com','81A/32 Howe Junctions Apt. 646','Dasmariñas','Jordan',6878),(134,'Senger Ltd','113-728-894','nya.schowalter@padberg.com','08A Blick Stream','Tabuk','South Georgia and the South Sandwich Islands',8079),(135,'Hayes Ltd','212-580-468','ward.hulda@hotmail.com','09A/34 Langworth Cove','Angeles','Saint Helena',6822),(136,'Kuhlman, Fay and Medhurst','398-469-801','vallie38@stokes.com','06/60 Schumm Path Apt. 627','El Salvador','Macao',2851),(137,'Bechtelar and Sons','154-504-105','rosanna.stracke@gmail.com','37A Murazik Station Suite 322','Tabaco','Bahrain',8384),(138,'Wyman, Mertz and Blanda','233-775-282','pacocha.florencio@hotmail.com','54A Gleason Viaduct Apt. 829','Cabadbaran','Bhutan',5664),(139,'Gislason and Sons','712-551-886','weber.daphney@paucek.com','92A/14 Hickle Pines Apt. 267','Santa Rosa','Australia',945),(140,'DuBuque, Koepp and Stark','939-105-277','senger.alexandro@gmail.com','68/13 Berge River','Catbalogan','Somalia',1118),(141,'Upton-Will','625-767-127','nkshlerin@kihn.com','67 Wilkinson Oval Apt. 284','Iriga','Central African Republic',8065),(142,'Greenfelder, Bartoletti and Kozey','251-371-601','bsmith@gmail.com','51A Jaskolski Junctions','Marawi','Jordan',7843),(143,'McClure LLC','224-434-147','tabitha46@yahoo.com','76A Lebsack Points Apt. 797','Toledo','China',4580),(144,'Hermiston, Klein and Emard','844-851-829','gutkowski.dianna@yahoo.com','36A/92 Mann Passage Suite 704','Navotas','Panama',7960),(145,'Kessler PLC','194-706-176','aberge@nitzsche.org','53/10 Auer Lodge Apt. 983','General Santos','Comoros',6432),(146,'Bosco-Quitzon','017-987-806','estreich@hotmail.com','57 Goodwin Motorway','Calapan','Guinea',7106),(147,'Shanahan Group','333-352-422','diego.mraz@okeefe.com','58A/98 Ziemann Keys','Iligan','Angola',6351),(148,'Bradtke, Murazik and McGlynn','844-002-065','oluettgen@yahoo.com','20/27 Johnston Path','Pasay','France',1909),(149,'Donnelly Ltd','751-865-085','mccullough.jabari@mcdermott.com','39A Aufderhar Glens','Catbalogan','Yemen',8553),(150,'Stracke, Trantow and Walker','797-185-713','gerlach.shea@gmail.com','12 Bechtelar Falls','Bislig','Bolivia',4487),(151,'Olson-Stiedemann','322-675-734','osbaldo64@bogisich.org','56A/86 Ratke Vista Apt. 947','Candon','Switzerland',4101),(152,'Hoppe-Streich','380-477-631','balistreri.fidel@hotmail.com','01 Hermiston Oval Suite 564','Laoag','Portugal',9813),(153,'Beahan Ltd','147-547-261','moses.sporer@yahoo.com','43A/75 Green Road Apt. 381','Bago','Switzerland',4189),(154,'Runte-Hudson','395-479-782','jany74@hotmail.com','30 Walker Motorway','Urdaneta','Svalbard & Jan Mayen Islands',2119),(155,'Pfannerstill Group','175-340-832','kenna.brown@gmail.com','70/58 Morar Junctions','Biñan','Dominican Republic',6107),(156,'Jacobson-Moore','120-172-102','akilback@dubuque.net','81A Rau Village Apt. 525','Cabuyao','Aruba',3437),(157,'Doyle-Koch','322-130-910','shanelle.west@wehner.com','14A Weissnat Causeway Suite 534','Makati','Congo',5279),(158,'Stokes Inc','629-681-954','monty.heathcote@hotmail.com','42 Prohaska Motorway Apt. 522','Santiago','Barbados',4735),(159,'Wiegand LLC','460-510-583','oswald87@gmail.com','91A/60 VonRueden Summit','Cotabato City','Antigua and Barbuda',5813),(160,'Denesik, Stroman and Steuber','965-964-075','felicia12@gmail.com','55A Hickle Pines Suite 748','Bago','United States of America',9120),(161,'Prohaska Inc','166-671-824','nathen.larson@hotmail.com','76A Maggio Squares Apt. 381','Bacoor','Syrian Arab Republic',8902),(162,'Harvey, Boyle and Kozey','173-003-014','amelia.okon@herzog.biz','99A/62 Balistreri Canyon Suite 771','Sagay','Hungary',271),(163,'Mayert, Padberg and Larson','514-218-759','luciano.bergstrom@lind.info','40/14 Kling Landing','Bislig','Falkland Islands (Malvinas)',3066),(164,'Haag, Hahn and Kuhlman','197-289-232','ruby99@yahoo.com','16/21 Farrell Plaza Suite 668','Tanauan','Mexico',3461),(165,'Wehner, Dooley and Beatty','031-893-532','william.hilpert@funk.com','21/57 Bogisich View Suite 835','Malabon','Puerto Rico',2393),(166,'Boyer-Roberts','761-446-084','zulauf.georgiana@yahoo.com','15 Purdy Bypass Suite 439','Quezon City','Nauru',5337),(167,'Kuphal, Glover and Fisher','992-472-946','brandyn72@hotmail.com','88/97 Kirlin Square Suite 775','Surigao City','Faroe Islands',83),(168,'Stokes-Thompson','339-278-888','cruickshank.silas@gmail.com','49 McGlynn Turnpike Apt. 466','Tarlac City','Grenada',5025),(169,'Kreiger and Sons','133-341-227','kiel02@wiegand.com','40 Witting Green Apt. 530','Cabadbaran','Jordan',6717),(170,'Mohr, Marquardt and Becker','711-762-244','casandra.cartwright@gmail.com','41A Okuneva Keys','Valencia','Montserrat',661),(171,'Ullrich Group','340-155-177','amy.romaguera@rohan.org','01A/28 Botsford Hill Apt. 349','Carcar','Greece',4198),(172,'Stokes, Senger and Hansen','681-327-168','lebsack.eldred@gerhold.com','40 Wisoky Gateway','Davao City','United States Minor Outlying Islands',4393),(173,'Marks, Johnston and Keebler','081-708-146','brionna80@olson.com','81/54 Wuckert Spur Suite 361','Sagay','Cote d\'Ivoire',8774),(174,'Kilback-Beer','157-554-432','stracke.amira@hotmail.com','60/10 VonRueden Fords','Mandaue','New Zealand',8459),(175,'Gleichner-Gottlieb','266-466-483','stanton.geraldine@daugherty.com','22A Weber Ferry','Tacloban','Barbados',4711),(176,'Abbott-Christiansen','972-719-908','spencer.beth@hotmail.com','13A/56 Kassulke Forge Apt. 056','Iriga','Bangladesh',6424),(177,'Wiegand, Welch and Rogahn','245-115-052','cschumm@yahoo.com','89A Tromp Vista','Ilagan','Uganda',819),(178,'Leuschke-Jacobson','966-984-342','qblock@runte.biz','27A/78 Rice Loaf Suite 638','Bislig','Macedonia',5254),(179,'Cole-Von','704-890-965','myah11@damore.com','95 Effertz Manors','Legazpi','Marshall Islands',2954),(180,'Waters, Douglas and Ritchie','774-561-582','roberts.milton@hotmail.com','88A Torphy Neck Apt. 482','Cauayan','Tanzania',8763),(181,'McCullough, Mertz and Yundt','127-829-291','dkemmer@crist.com','06/65 Will Springs','Tagaytay','Hungary',8344),(182,'Grimes, Stoltenberg and Tremblay','793-203-801','antwon.pfannerstill@king.com','67/14 King Freeway Suite 287','Batac','Paraguay',8567),(183,'Kovacek Group','246-435-413','dereck88@barton.net','46A Stokes Lane','Canlaon','Eritrea',7084),(184,'Kris, Lubowitz and O\'Kon','120-373-040','carolyn.wilkinson@gmail.com','42A/28 Greenholt Manor','Gingoog','Palau',2395),(185,'Mohr, Ankunding and Leffler','386-345-896','abaumbach@gmail.com','10/87 Buckridge Villages Apt. 419','Tagaytay','Moldova',3701),(186,'Beier and Sons','316-307-148','nicolette.simonis@champlin.net','70/01 Jacobson Center','Meycauayan','Angola',6923),(187,'Schultz-Lubowitz','414-811-943','twintheiser@pfeffer.com','14 Emard Stream Suite 335','Bogo','Guernsey',2854),(188,'Walker Inc','682-850-269','birdie.reichert@daugherty.com','52A Quigley Forest','Gapan','Bouvet Island (Bouvetoya)',8787),(189,'Bernier, Cartwright and Shields','896-391-963','geovany.bergstrom@yahoo.com','76A/16 Cassin Canyon','San Juan','Central African Republic',4403),(190,'Purdy-Jakubowski','250-135-027','dawn.emmerich@swaniawski.org','99/57 Buckridge Place Suite 306','Tagum','Portugal',3608),(191,'Stanton, Kilback and Monahan','971-330-718','ylind@yahoo.com','34A/28 Batz Key Apt. 564','Dipolog','Guinea-Bissau',2945),(192,'Durgan-Dare','651-628-123','augusta.windler@gmail.com','75 Huels Mountains','San Juan','Nauru',7901),(193,'Dare LLC','370-951-554','xparisian@gmail.com','11A/53 Homenick Falls','Toledo','Saint Martin',6353),(194,'Mayert LLC','023-569-129','wanda29@herzog.biz','70 Hackett Stream','Dagupan','Morocco',1303),(195,'Koepp, Howell and Wiegand','872-820-227','pmcglynn@hotmail.com','67 Reichel Flat','Ilagan','Holy See (Vatican City State)',6770),(196,'Ritchie-Borer','788-430-868','mcclure.domenick@hotmail.com','98A/69 Bogisich Radial','Tuguegarao','Tokelau',2980),(197,'Torp, Howe and Mueller','951-803-987','chase.oconnell@ratke.biz','65 Stoltenberg Parkway','Sagay','Afghanistan',7789),(198,'Reichert, Dicki and Wehner','331-878-656','ymedhurst@zulauf.net','20/95 Roberts Walk','Valenzuela','Malta',1130),(199,'Waelchi, Flatley and Orn','686-878-562','rkerluke@gmail.com','58 Lang Park Apt. 319','Caloocan','Tajikistan',6248),(200,'Runolfsson Inc','260-496-174','juliana19@pacocha.com','31 Borer Parkway','Bacolod','Paraguay',1509),(201,'West-Mertz','063-131-332','vincenza.abshire@kovacek.info','13A Klein Fall','San Carlos','Bhutan',7121),(202,'Kshlerin, Ritchie and Stroman','611-247-354','rrice@dubuque.com','96 Stokes Camp','Tangub','Spain',5029),(203,'Eichmann Group','437-996-713','kunze.tiara@gmail.com','83/74 Kunde Valley Suite 963','Malabon','United States of America',2964),(204,'Nienow-Gerlach','301-758-489','eulah.feest@yahoo.com','69/90 Nikolaus Terrace','Dasmariñas','Montenegro',132);
/*!40000 ALTER TABLE `office` ENABLE KEYS */;
UNLOCK TABLES;

--
-- Table structure for table `transaction`
--

DROP TABLE IF EXISTS `transaction`;
/*!40101 SET @saved_cs_client     = @@character_set_client */;
/*!50503 SET character_set_client = utf8mb4 */;
CREATE TABLE `transaction` (
  `id` int NOT NULL AUTO_INCREMENT,
  `employee_id` int DEFAULT NULL,
  `office_id` int DEFAULT NULL,
  `datelog` datetime DEFAULT CURRENT_TIMESTAMP,
  `action` enum('IN','OUT','COMPLETE') DEFAULT NULL,
  `remarks` varchar(100) DEFAULT NULL,
  `documentcode` varchar(45) NOT NULL,
  PRIMARY KEY (`id`)
) ENGINE=InnoDB AUTO_INCREMENT=208 DEFAULT CHARSET=utf8mb4 COLLATE=utf8mb4_0900_ai_ci;
/*!40101 SET character_set_client = @saved_cs_client */;

--
-- Dumping data for table `transaction`
--

LOCK TABLES `transaction` WRITE;
/*!40000 ALTER TABLE `transaction` DISABLE KEYS */;
INSERT INTO `transaction` VALUES (8,195,156,'2023-05-11 21:02:43','OUT','Signed','104'),(9,121,27,'2023-05-11 21:02:43','COMPLETE','Rejected','104'),(10,77,192,'2023-05-11 21:02:43','IN','For Approval','104'),(11,120,28,'2023-05-11 21:02:43','COMPLETE','On Hold','105'),(12,137,146,'2023-05-11 21:02:43','OUT','','100'),(13,193,194,'2023-05-11 21:02:43','IN','Signed','101'),(14,91,71,'2023-05-11 21:02:43','COMPLETE','Signed','105'),(15,11,142,'2023-05-11 21:02:43','COMPLETE','Signed','102'),(16,16,154,'2023-05-11 21:02:43','IN','On Hold','100'),(17,28,149,'2023-05-11 21:02:43','OUT','On Hold','100'),(18,148,182,'2023-05-11 21:02:43','IN','Signed','101'),(19,88,179,'2023-05-11 21:02:43','OUT','Rejected','101'),(20,6,40,'2023-05-11 21:02:43','COMPLETE','On Hold','103'),(21,185,104,'2023-05-11 21:02:43','OUT','For Approval','100'),(22,158,57,'2023-05-11 21:02:43','IN','For Approval','105'),(23,104,76,'2023-05-11 21:02:43','COMPLETE','On Hold','101'),(24,77,101,'2023-05-11 21:02:43','OUT','Signed','105'),(25,62,134,'2023-05-11 21:02:43','IN','On Hold','100'),(26,111,85,'2023-05-11 21:02:43','IN','On Hold','105'),(27,101,110,'2023-05-11 21:02:43','COMPLETE','Rejected','100'),(28,139,107,'2023-05-11 21:02:43','IN','On Hold','103'),(29,179,77,'2023-05-11 21:02:43','IN','Signed','100'),(30,179,19,'2023-05-11 21:02:43','IN','In Progress','100'),(31,62,45,'2023-05-11 21:02:43','OUT','Signed','101'),(32,34,11,'2023-05-11 21:02:43','OUT','For Approval','102'),(33,196,179,'2023-05-11 21:02:43','OUT','Signed','101'),(34,38,106,'2023-05-11 21:02:43','OUT','In Progress','100'),(35,164,42,'2023-05-11 21:02:43','OUT','Signed','100'),(36,22,116,'2023-05-11 21:02:43','IN','In Progress','100'),(37,6,37,'2023-05-11 21:02:43','IN','In Progress','101'),(38,126,44,'2023-05-11 21:02:43','IN','Rejected','103'),(39,83,38,'2023-05-11 21:02:43','OUT','Signed','102'),(40,66,78,'2023-05-11 21:02:43','COMPLETE','','104'),(41,148,153,'2023-05-11 21:02:43','IN','Rejected','102'),(42,73,20,'2023-05-11 21:02:43','IN','Signed','102'),(43,10,82,'2023-05-11 21:02:43','COMPLETE','','105'),(44,114,18,'2023-05-11 21:02:43','IN','On Hold','100'),(45,101,101,'2023-05-11 21:02:43','OUT','','103'),(46,55,193,'2023-05-11 21:02:43','IN','In Progress','103'),(47,51,11,'2023-05-11 21:02:43','IN','Rejected','101'),(48,142,168,'2023-05-11 21:02:43','OUT','Signed','102'),(49,87,193,'2023-05-11 21:02:43','OUT','Signed','100'),(50,110,101,'2023-05-11 21:02:43','IN','For Approval','101'),(51,129,27,'2023-05-11 21:02:43','COMPLETE','For Approval','102'),(52,200,4,'2023-05-11 21:02:43','COMPLETE','On Hold','104'),(53,46,50,'2023-05-11 21:02:43','IN','Signed','105'),(54,89,44,'2023-05-11 21:02:43','COMPLETE','','102'),(55,70,75,'2023-05-11 21:02:43','IN','In Progress','102'),(56,9,17,'2023-05-11 21:02:43','IN','In Progress','101'),(57,176,159,'2023-05-11 21:02:43','COMPLETE','On Hold','104'),(58,3,77,'2023-05-11 21:02:43','COMPLETE','','104'),(59,69,28,'2023-05-11 21:02:43','IN','Rejected','101'),(60,87,30,'2023-05-11 21:02:43','OUT','Signed','104'),(61,95,80,'2023-05-11 21:02:43','COMPLETE','Signed','101'),(62,111,104,'2023-05-11 21:02:43','IN','Rejected','104'),(63,15,146,'2023-05-11 21:02:43','IN','','103'),(64,143,50,'2023-05-11 21:02:43','OUT','Signed','104'),(65,155,96,'2023-05-11 21:02:43','COMPLETE','On Hold','103'),(66,182,33,'2023-05-11 21:02:43','COMPLETE','For Approval','101'),(67,80,66,'2023-05-11 21:02:43','OUT','On Hold','105'),(68,87,147,'2023-05-11 21:02:43','COMPLETE','Signed','103'),(69,114,67,'2023-05-11 21:02:43','COMPLETE','On Hold','102'),(70,193,34,'2023-05-11 21:02:43','OUT','Signed','104'),(71,123,156,'2023-05-11 21:02:43','COMPLETE','For Approval','100'),(72,66,61,'2023-05-11 21:02:43','COMPLETE','In Progress','105'),(73,176,87,'2023-05-11 21:02:43','COMPLETE','In Progress','105'),(74,182,72,'2023-05-11 21:02:43','IN','','105'),(75,153,165,'2023-05-11 21:02:43','COMPLETE','On Hold','102'),(76,176,124,'2023-05-11 21:02:43','COMPLETE','Signed','105'),(77,48,18,'2023-05-11 21:02:43','COMPLETE','In Progress','101'),(78,39,186,'2023-05-11 21:02:43','OUT','Rejected','100'),(79,137,82,'2023-05-11 21:02:43','IN','Rejected','104'),(80,20,126,'2023-05-11 21:02:43','COMPLETE','Rejected','104'),(81,49,144,'2023-05-11 21:02:43','OUT','For Approval','102'),(82,152,81,'2023-05-11 21:02:43','OUT','Signed','104'),(83,172,54,'2023-05-11 21:02:43','COMPLETE','Signed','103'),(84,115,144,'2023-05-11 21:02:43','COMPLETE','Signed','104'),(85,152,152,'2023-05-11 21:02:43','COMPLETE','In Progress','104'),(86,38,70,'2023-05-11 21:02:43','COMPLETE','For Approval','101'),(87,132,169,'2023-05-11 21:02:43','IN','On Hold','102'),(88,105,148,'2023-05-11 21:02:43','COMPLETE','Signed','105'),(89,24,67,'2023-05-11 21:02:43','IN','','100'),(90,107,96,'2023-05-11 21:02:43','IN','In Progress','103'),(91,158,192,'2023-05-11 21:02:43','IN','On Hold','100'),(92,140,99,'2023-05-11 21:02:43','OUT','','105'),(93,122,122,'2023-05-11 21:02:43','COMPLETE','Signed','101'),(94,68,123,'2023-05-11 21:02:43','OUT','In Progress','103'),(95,20,187,'2023-05-11 21:02:43','COMPLETE','For Approval','105'),(96,144,148,'2023-05-11 21:02:43','OUT','Signed','105'),(97,134,88,'2023-05-11 21:02:43','IN','Signed','102'),(98,159,181,'2023-05-11 21:02:43','IN','For Approval','101'),(99,82,13,'2023-05-11 21:02:43','OUT','Rejected','100'),(100,76,109,'2023-05-11 21:02:43','OUT','Signed','104'),(101,41,192,'2023-05-11 21:02:43','IN','Signed','103'),(102,75,58,'2023-05-11 21:02:43','IN','For Approval','101'),(103,93,101,'2023-05-11 21:02:43','COMPLETE','On Hold','104'),(104,109,54,'2023-05-11 21:02:43','OUT','In Progress','103'),(105,125,180,'2023-05-11 21:02:43','OUT','Rejected','102'),(106,24,56,'2023-05-11 21:02:43','COMPLETE','In Progress','103'),(107,11,158,'2023-05-11 21:02:43','OUT','Signed','103'),(108,126,43,'2023-05-11 21:02:43','OUT','Rejected','103'),(109,60,179,'2023-05-11 21:02:43','OUT','','102'),(110,193,48,'2023-05-11 21:02:43','IN','For Approval','104'),(111,88,20,'2023-05-11 21:02:43','COMPLETE','For Approval','104'),(112,112,178,'2023-05-11 21:02:43','OUT','For Approval','103'),(113,89,47,'2023-05-11 21:02:43','OUT','Signed','102'),(114,160,98,'2023-05-11 21:02:43','IN','For Approval','100'),(115,192,148,'2023-05-11 21:02:43','COMPLETE','Rejected','100'),(116,68,31,'2023-05-11 21:02:43','OUT','On Hold','103'),(117,22,21,'2023-05-11 21:02:43','COMPLETE','','100'),(118,159,7,'2023-05-11 21:02:43','IN','For Approval','102'),(119,191,177,'2023-05-11 21:02:43','IN','Signed','105'),(120,63,74,'2023-05-11 21:02:43','OUT','Signed','103'),(121,145,21,'2023-05-11 21:02:43','IN','On Hold','101'),(122,27,184,'2023-05-11 21:02:43','COMPLETE','Signed','104'),(123,11,195,'2023-05-11 21:02:43','COMPLETE','On Hold','103'),(124,178,150,'2023-05-11 21:02:43','OUT','On Hold','104'),(125,103,138,'2023-05-11 21:02:43','COMPLETE','Signed','101'),(126,198,66,'2023-05-11 21:02:43','COMPLETE','Rejected','102'),(127,34,43,'2023-05-11 21:02:43','OUT','','102'),(128,161,24,'2023-05-11 21:02:43','OUT','On Hold','102'),(129,197,142,'2023-05-11 21:02:43','OUT','','103'),(130,39,125,'2023-05-11 21:02:43','OUT','Signed','105'),(131,36,179,'2023-05-11 21:02:43','COMPLETE','For Approval','105'),(132,88,48,'2023-05-11 21:02:43','IN','Rejected','100'),(133,181,17,'2023-05-11 21:02:43','OUT','','101'),(134,193,4,'2023-05-11 21:02:43','COMPLETE','In Progress','104'),(135,122,128,'2023-05-11 21:02:43','OUT','Signed','104'),(136,27,35,'2023-05-11 21:02:43','IN','For Approval','103'),(137,78,141,'2023-05-11 21:02:43','IN','Rejected','101'),(138,51,158,'2023-05-11 21:02:43','IN','Signed','103'),(139,24,62,'2023-05-11 21:02:43','OUT','In Progress','103'),(140,199,115,'2023-05-11 21:02:43','COMPLETE','Rejected','105'),(141,101,170,'2023-05-11 21:02:43','COMPLETE','In Progress','101'),(142,162,14,'2023-05-11 21:02:43','OUT','For Approval','102'),(143,133,4,'2023-05-11 21:02:43','OUT','In Progress','104'),(144,140,7,'2023-05-11 21:02:43','IN','Signed','103'),(145,190,81,'2023-05-11 21:02:43','IN','In Progress','105'),(146,79,5,'2023-05-11 21:02:43','COMPLETE','Signed','105'),(147,172,137,'2023-05-11 21:02:43','IN','Rejected','102'),(148,187,100,'2023-05-11 21:02:43','OUT','On Hold','100'),(149,200,22,'2023-05-11 21:02:43','COMPLETE','On Hold','100'),(150,141,55,'2023-05-11 21:02:43','OUT','Rejected','104'),(151,156,176,'2023-05-11 21:02:43','COMPLETE','In Progress','103'),(152,163,67,'2023-05-11 21:02:43','COMPLETE','In Progress','105'),(153,57,133,'2023-05-11 21:02:43','COMPLETE','Signed','104'),(154,154,189,'2023-05-11 21:02:43','OUT','For Approval','105'),(155,32,169,'2023-05-11 21:02:43','OUT','','103'),(156,142,104,'2023-05-11 21:02:43','COMPLETE','In Progress','103'),(157,90,113,'2023-05-11 21:02:43','COMPLETE','For Approval','103'),(158,19,177,'2023-05-11 21:02:43','IN','For Approval','102'),(159,98,81,'2023-05-11 21:02:43','IN','In Progress','102'),(160,12,19,'2023-05-11 21:02:43','OUT','In Progress','100'),(161,141,199,'2023-05-11 21:02:43','OUT','Signed','101'),(162,84,111,'2023-05-11 21:02:43','COMPLETE','Signed','103'),(163,45,123,'2023-05-11 21:02:43','IN','On Hold','105'),(164,181,157,'2023-05-11 21:02:43','COMPLETE','Rejected','101'),(165,154,163,'2023-05-11 21:02:43','COMPLETE','On Hold','100'),(166,200,79,'2023-05-11 21:02:43','OUT','','105'),(167,158,23,'2023-05-11 21:02:43','IN','In Progress','102'),(168,49,164,'2023-05-11 21:02:43','OUT','Rejected','100'),(169,117,84,'2023-05-11 21:02:43','IN','In Progress','100'),(170,129,189,'2023-05-11 21:02:43','IN','For Approval','103'),(171,83,103,'2023-05-11 21:02:43','IN','Signed','102'),(172,36,105,'2023-05-11 21:02:43','IN','Signed','100'),(173,133,122,'2023-05-11 21:02:43','IN','Rejected','100'),(174,199,111,'2023-05-11 21:02:43','COMPLETE','For Approval','101'),(175,141,39,'2023-05-11 21:02:43','IN','In Progress','100'),(176,118,30,'2023-05-11 21:02:43','OUT','In Progress','103'),(177,126,185,'2023-05-11 21:02:43','IN','In Progress','100'),(178,56,189,'2023-05-11 21:02:43','IN','For Approval','105'),(179,26,140,'2023-05-11 21:02:43','OUT','For Approval','102'),(180,93,11,'2023-05-11 21:02:43','COMPLETE','In Progress','102'),(181,180,82,'2023-05-11 21:02:43','OUT','In Progress','103'),(182,99,62,'2023-05-11 21:02:43','COMPLETE','Rejected','101'),(183,196,95,'2023-05-11 21:02:43','COMPLETE','For Approval','100'),(184,74,79,'2023-05-11 21:02:43','COMPLETE','Rejected','105'),(185,10,185,'2023-05-11 21:02:43','IN','On Hold','100'),(186,48,14,'2023-05-11 21:02:43','IN','In Progress','102'),(187,181,166,'2023-05-11 21:02:43','COMPLETE','Rejected','105'),(188,109,109,'2023-05-11 21:02:43','COMPLETE','On Hold','102'),(189,161,7,'2023-05-11 21:02:43','COMPLETE','For Approval','104'),(190,199,93,'2023-05-11 21:02:43','IN','On Hold','103'),(191,197,53,'2023-05-11 21:02:43','IN','On Hold','102'),(192,182,113,'2023-05-11 21:02:43','IN','Signed','102'),(193,192,34,'2023-05-11 21:02:43','COMPLETE','For Approval','100'),(194,41,67,'2023-05-11 21:02:43','COMPLETE','Signed','105'),(195,53,191,'2023-05-11 21:02:43','COMPLETE','For Approval','100'),(196,6,37,'2023-05-11 21:02:43','COMPLETE','In Progress','105'),(197,190,21,'2023-05-11 21:02:43','COMPLETE','On Hold','101'),(198,185,7,'2023-05-11 21:02:43','IN','In Progress','105'),(199,99,89,'2023-05-11 21:02:43','IN','In Progress','101'),(200,57,89,'2023-05-11 21:02:43','OUT','For Approval','104'),(201,193,190,'2023-05-11 21:02:43','COMPLETE','','102'),(202,176,194,'2023-05-11 21:02:43','OUT','Signed','105'),(203,81,25,'2023-05-11 21:02:43','OUT','For Approval','105'),(204,13,22,'2023-05-11 21:02:43','OUT','In Progress','102'),(205,130,102,'2023-05-11 21:02:43','COMPLETE','For Approval','103'),(206,152,129,'2023-05-11 21:02:43','IN','In Progress','105'),(207,147,57,'2023-05-11 21:02:43','COMPLETE','In Progress','101');
/*!40000 ALTER TABLE `transaction` ENABLE KEYS */;
UNLOCK TABLES;
/*!40103 SET TIME_ZONE=@OLD_TIME_ZONE */;

/*!40101 SET SQL_MODE=@OLD_SQL_MODE */;
/*!40014 SET FOREIGN_KEY_CHECKS=@OLD_FOREIGN_KEY_CHECKS */;
/*!40014 SET UNIQUE_CHECKS=@OLD_UNIQUE_CHECKS */;
/*!40101 SET CHARACTER_SET_CLIENT=@OLD_CHARACTER_SET_CLIENT */;
/*!40101 SET CHARACTER_SET_RESULTS=@OLD_CHARACTER_SET_RESULTS */;
/*!40101 SET COLLATION_CONNECTION=@OLD_COLLATION_CONNECTION */;
/*!40111 SET SQL_NOTES=@OLD_SQL_NOTES */;

-- Dump completed on 2023-05-12  3:11:00
